{
 "mdsDat": {
 "x": [ 0.210365, -0.3675684, 0.1572034 ],
"y": [ -0.2794425, -0.02830866, 0.3077512 ],
"topics": [ 1, 2, 3 ],
"Freq": [ 34.74138, 32.84005, 32.41857 ],
"cluster": [        1,        1,        1 ] 
},
"tinfo": {
 "Term": [ "拍照", "运行", "外观", "效果", "屏幕", "外形", "音效", "待机时间", "华为", "清晰", "特色", "好看", "满意", "京东", "流畅", "充电", "g", "漂亮", "支持", "性价比", "屏", "物流", "电池", "像素", "收到", "小米", "长", "特别", "这款", "值得", "充电", "g", "屏", "像素", "小米", "舒服", "玩游戏", "游戏", "三星", "性能", "惊艳", "续航", "玩", "指纹", "处理器", "快充", "照片", "耳机", "设计", "显示", "配置", "相机", "充满", "解锁", "双", "万", "日常", "拍摄", "强", "倍", "运行", "外观", "效果", "外形", "待机时间", "特色", "屏幕", "音效", "音质", "杠杠", "待机", "清晰", "高端", "大方", "上档次", "很长", "还行", "长", "行", "靓丽", "炫", "ok", "美", "拍照", "一整天", "飞快", "时尚", "颜", "一级", "好听", "华为", "满意", "物流", "收到", "这款", "苹果", "价格", "快递", "质量", "合适", "下单", "评价", "好评", "好用", "赞", "送", "几天", "推荐", "第二天", "壳", "一段时间", "国产", "hellip", "超快", "发货", "妈妈", "送货", "照相", "信赖", "品牌", "摄像头", "电池", "曲面", "漂亮", "大气", "美观", "好看", "超长", "京东", "支持", "值得", "性价比", "购买", "大小", "拿到", "入手", "电", "足够", "第一次", "麒麟", "视频", "老人", "流畅", "体验", "挺快", "美颜", "清晰度", "小时", "整体", "特别", "棒", "完美", "很大", "拍", "挺", "颜色", "手感", "打游戏", "很漂亮", "手感", "适合", "很棒", "颜色", "荣耀", "超级", "特别", "挺", "速度快", "功能", "很漂亮", "荣耀", "够用", "功能", "不卡", "超级" ],
"logprob": [       30,       29,       28,       27,       26,       25,       24,       23,       22,       21,       20,       19,       18,       17,       16,       15,       14,       13,       12,       11,       10,        9,        8,        7,        6,        5,        4,        3,        2,        1,  -3.9826,  -4.0828,  -4.4098,  -4.4846,  -4.5049,  -4.7363,  -4.8253,  -5.0246,  -5.2019,  -5.2202,  -5.2604,  -5.2721,  -5.2978,  -5.3092,  -5.3287,   -5.403,  -5.4059,  -5.4906,  -5.5065,   -5.527,   -5.557,  -5.5866,  -5.6256,    -5.67,  -5.6814,  -5.7609,   -5.772,  -5.7776,  -5.8624,  -5.9125,  -2.4615,   -2.471,  -2.4991,  -2.7409,  -2.8911,  -3.5347,  -2.5008,  -2.8373,  -4.8457,  -5.1749,  -5.2614,   -3.466,   -5.924,  -6.0877,  -6.1346,  -6.1447,  -6.2291,  -4.5395,  -6.3433,  -6.4202,    -6.65,  -6.6601,  -6.6738,  -2.3412,  -6.8498,  -6.8832,  -5.2309,  -7.0791,  -7.1051,  -7.1105,  -3.3461,  -3.8192,  -4.4427,  -4.4955,  -4.5875,  -4.7029,  -4.7812,  -4.8847,  -5.1003,  -5.1169,  -5.1543,  -5.2956,  -5.3319,  -5.3328,  -5.3656,  -5.3904,  -5.4516,  -5.4623,  -5.4688,  -5.5064,  -5.5421,  -5.5633,  -5.6313,  -5.6757,  -5.7478,  -5.7593,  -5.7873,  -5.7888,  -5.7979,  -5.8024,  -4.7674,  -4.4144,  -5.5413,  -4.0869,  -4.8491,  -5.8858,  -3.6865,  -6.3384,  -3.8704,  -4.1676,  -4.6298,  -4.2258,  -4.8981,   -5.044,  -5.3357,  -5.4591,  -5.2738,  -5.4854,  -5.4732,  -5.4363,  -5.4927,  -5.4388,  -3.6525,  -4.8566,  -5.9143,  -6.1207,  -6.1945,  -5.4729,  -5.5162,  -4.1217,   -5.068,  -5.2506,  -5.2851,   -5.161,  -4.8681,   -4.644,  -4.4882,  -5.4739,  -5.2326,  -4.6008,  -5.2748,  -5.4178,  -5.2269,   -4.953,  -5.0554,  -5.1168,  -4.9408,  -5.6115,  -5.0634,  -5.1162,  -5.2413,  -5.3972,  -5.3004,  -5.8445,  -5.2983 ],
"loglift": [       30,       29,       28,       27,       26,       25,       24,       23,       22,       21,       20,       19,       18,       17,       16,       15,       14,       13,       12,       11,       10,        9,        8,        7,        6,        5,        4,        3,        2,        1,   1.0572,   1.0572,   1.0572,   1.0572,   1.0572,   1.0571,   1.0571,   1.0571,   1.0571,   1.0571,   1.0571,   1.0571,   1.0571,   1.0571,   1.0571,   1.0571,   1.0571,    1.057,    1.057,    1.057,    1.057,    1.057,    1.057,    1.057,    1.057,    1.057,    1.057,    1.057,   1.0569,   1.0569,   1.1135,   1.1135,   1.1135,   1.1135,   1.1135,   1.1135,   1.1135,   1.1134,   1.1134,   1.1134,   1.1133,   1.1132,   1.1132,   1.1131,   1.1131,   1.1131,   1.1131,    1.113,    1.113,    1.113,   1.1128,   1.1128,   1.1128,   1.1128,   1.1127,   1.1126,   1.1125,   1.1124,   1.1124,   1.1124,   1.1264,   1.1264,   1.1264,   1.1264,   1.1263,   1.1263,   1.1263,   1.1263,   1.1263,   1.1263,   1.1263,   1.1263,   1.1263,   1.1263,   1.1262,   1.1262,   1.1262,   1.1262,   1.1262,   1.1262,   1.1262,   1.1262,   1.1262,   1.1262,   1.1262,   1.1262,   1.1261,   1.1261,   1.1261,   1.1261,   1.0542,   1.0435,   1.0548,   1.1092,   1.1076,   1.1116,    1.086,   1.1079,   1.1259,   1.1252,   1.1254,   1.1213,   1.1257,   1.1243,   1.1253,   1.1252,   1.0506,   1.0529,   1.1251,   1.0512,   1.0529,   1.1241,   0.9653,   1.0226,    1.061,   1.0745,   1.0483,   1.0415,   1.0496,   0.8071,   0.7277,   0.7363,   0.7414,   0.9215,   0.4517,   0.6772,   0.4548,    1.019,   0.3673,   0.3421,   0.9803,   0.3574,   0.0944,   0.5368,    0.508,   -0.188,    0.379,   0.3568,   0.5137,   0.4837,   0.2485,   0.6996,   0.2766,   0.5934,   0.2651 ],
"Freq": [    19199,    17009,    16848,    16383,    16356,    12864,    11683,    11070,     6933,     6231,     5816,     5136,     4320,     4106,     5996,     3931,     3556,     3362,     3052,     2891,     2564,     2315,     2588,     2379,     2196,     2332,     2130,     4393,     2003,     1922, 3931.291, 3556.673, 2564.714, 2379.695, 2332.066, 1850.283, 1692.742, 1386.819, 1161.499, 1140.433, 1095.552, 1082.729,  1055.25, 1043.343, 1023.193, 949.9177, 947.1699, 870.2313, 856.4922, 839.0894, 814.3591, 790.5448, 760.3189, 727.3452, 719.1017, 664.1456, 656.8181, 653.1543,   600.03,   570.72, 17009.81, 16848.81, 16383.13,  12864.5, 11070.13, 5815.992, 16355.43,  11682.1, 1567.672, 1127.952, 1034.468, 6229.745, 533.2906, 452.7906, 432.0165, 427.6885, 393.0649,  2129.44, 350.6509, 324.6832, 258.0327, 255.4359, 251.9735, 19185.91, 211.2908,  204.366, 1066.495, 168.0112, 163.6833, 162.8177, 6933.054, 4319.888, 2315.588, 2196.521, 2003.488, 1785.198, 1650.796, 1488.431, 1199.783, 1179.939, 1136.642, 986.9055, 951.7266, 950.8245, 920.1557, 897.6051, 844.3856, 835.3653, 829.9532, 799.2843, 771.3216, 755.0851, 705.4737, 674.8049, 627.8996, 620.6834, 603.5449, 602.6429, 597.2307, 594.5247, 1793.495, 2552.807, 827.1822, 3348.192, 1562.478, 554.0648, 4997.143, 352.3821, 4104.304, 3048.935, 1920.501, 2876.648, 1468.587, 1269.239, 948.1185, 838.0714, 1080.897, 874.8109, 826.3451, 918.7759, 868.3994, 855.2099, 5469.148, 1640.534, 538.4841, 438.0756, 406.9143, 885.8022, 848.2488, 3192.357, 1255.193,  1045.72, 1010.231, 1210.044, 1533.048, 1893.441, 2212.757, 884.8862, 1064.763, 2118.653, 1007.652, 884.7205, 1070.823, 1390.111, 1344.686, 1195.468, 1407.249, 728.9142, 1244.885, 1180.841, 1116.618, 955.4134, 1052.503, 577.4357, 984.1995 ],